{
    "loss": 0.5749396681785583,
    "accuracy": 0.7382274866104126
}